num|territorio|municipio|uf|n_com|familias|area_terr|pct|titulos|conf
1|Boa Vista|Oriximiná|PA|1|112|1125.0341|100|INCRA:1125.0341:1995-11-20|alta
2|Água Fria|Oriximiná|PA|1|15|557.1355|100|INCRA:557.1355:1996-11-20|alta
3|Pacoval de Alenquer|Alenquer|PA|1|115|7472.8790|100|INCRA:7472.8790:1996-11-20|alta
4|Trombetas|Oriximiná|PA|7|138|80887.0941|100|ITERPA**:57024.6216:1997-11-20;INCRA:23862.4725:1997-11-20|alta
5|Itamaoari|Cachoeira do Piriá|PA|1|33|5377.6028|100|INCRA:5377.6028:1998-09-07|alta
6|Erepecuru|Oriximiná e Óbidos|PA|7|154|231610.2940|100|INCRA:71150.8867:1998-12-08;ITERPA**:160459.4072:2000-05-12|alta
7|Mangal e Barro Vermelho|Sítio do Mato|BA|1|295|9195.5182|2|INTERBA/FCP:153.8043:1999-01-30|alta
8|Campinho da Independência|Paraty|RJ|1|59|287.9461|100|SEHAF:287.9461:1999-03-19|alta
9|Abacatal-Aurá|Ananindeua|PA|1|53|583.2838|100|ITERPA:317.9366:1999-05-13;ITERPA**:265.3472:2008-12-02|alta
10|Eira dos Coqueiros|Codó|MA|1|35|1011.8271|100|ITERMA:1011.8271:1999-08-20|alta
11|Mocorongo|Codó|MA|1|24|162.6254|100|ITERMA:162.6254:1999-08-20|alta
12|Santo Antonio dos Pretos|Codó|MA|1|102|2139.5500|100|ITERMA:2139.5500:1999-08-20|alta
13|Curiau|Macapá|AP|1|108|3321.8931|100|FCP:3321.8931:1999-12-03|alta
14|Barra do Brumado|Rio de Contas|BA|2|148|1339.2768|100|CDA/FCP:1339.2768:1999-12-22|alta
15|Cabeceiras|Óbidos|PA|6|445|17189.6939|100|FCP:17189.6939:2000-05-08|alta
16|Gurupá|Gurupá|PA|8|300|83437.1287|100|ITERPA:83437.1287:2000-07-20|alta
17|Maria Ribeira|Gurupá|PA|1|32|2031.8727|100|ITERPA:2031.8727:2000-11-20|alta
18|Porto dos Pilões|Iporanga|SP|1|51|5908.6824|100|ITESP*:5908.6824:2001-01-15|alta
19|São Pedro|Eldorado e Iporanga|SP|1|39|4686.9803|97|ITESP*:4558.1986:2001-01-15|alta
20|Maria Rosa|Iporanga|SP|1|20|3375.6582|100|ITESP*:3375.6582:2001-01-15|alta
21|Laranjituba e África|Moju|PA|2|48|1226.2278|100|ITERPA:118.0441:2001-12-04;ITERPA**:1108.1837:2008-12-02|alta
22|Camiranga|Cachoeira do Piriá|PA|1|39|320.6121|100|ITERPA:320.6121:2002-01-16|alta
23|Ilhas de Abaetetuba|Abaetetuba|PA|1|116|588.1670|100|ITERPA:588.1670:2002-05-05|alta
24|Ilhas de Abaetetuba|Abaetetuba|PA|9|701|9076.1909|100|ITERPA:9076.1909:2002-06-05|alta
25|Bailique|Oeiras do Pará e Baião|PA|4|112|7297.6910|100|ITERPA:7297.6910:2002-07-19|alta
26|Jurussaca|Traquateua|PA|1|45|200.9875|100|ITERPA:200.9875:2002-09-14|alta
27|Santa Rita de Barreiras|São Miguel do Guamá|PA|1|35|371.3032|100|ITERPA:371.3032:2002-09-22|alta
28|Santa Fé e Santo António|Baião|PA|2|28|830.8776|100|ITERPA:830.8776:2002-09-29|alta
29|Igarapé Preto|Oeiras do Pará, Baião, Mocajuba e Bagre|PA|12|565|17357.0206|100|ITERPA:17357.0206:2002-09-29|alta
30|Narcisa|Capitão Poço|PA|1|7|618.9320|19|INCRA:120.0530:2002-11-14|alta
31|Guajará Miri|Acará|PA|1|70|1024.1954|100|ITERPA:1024.1954:2002-11-26|alta
32|São José de Icatu|Baião|PA|1|80|1636.6122|100|ITERPA:1636.6122:2002-11-30|alta
33|Jenipapo|Caxias|MA|1|74|558.5242|100|ITERMA:558.5242:2002-11-01|alta
34|Ivaporunduva|Eldorado|SP|1|102|2707.4044|100|ITESP*:672.2844:2003-03-20;INCRA:2035.1200:2010-05-20|alta
35|Pedro Cubas|Eldorado|SP|1|40|3795.6701|64|ITESP*:2443.7210:2003-03-20|alta
36|Santa Maria de Mirindeua|Moju|PA|1|85|1763.0618|100|ITERPA:1763.0618:2003-08-23|alta
37|Santo Cristo|Moju|PA|1|52|1767.0434|100|ITERPA:1767.0434:2003-08-23|alta
38|Alto Trombetas|Oriximiná|PA|5|182|79095.5912|100|ITERPA:79095.5912:2003-11-20|alta
39|Itacoã Miri|Acará|PA|1|96|968.9932|100|ITERPA:968.9932:2003-11-20|alta
40|Bela Aurora|Cachoeira do Piriá|PA|1|32|2410.2754|100|INCRA:2410.2754:2004-12-14|alta
41|Paca e Aningal|Viseu|PA|2|22|1284.2398|100|INCRA:1284.2398:2004-12-14|alta
42|Nossa Senhora da Conceição|Moju|PA|1|54|2393.0559|100|ITERPA:2393.0559:2005-11-20|alta
43|Santa Maria do Traquateua|Moju|PA|1|27|833.3833|100|ITERPA:833.3833:2005-11-20|alta
44|São Manuel|Moju|PA|1|68|1163.6383|100|ITERPA:1163.6383:2005-11-20|alta
45|Altamira|Pinheiro|MA|1|68|1220.9398|100|ITERMA**:1220.9398:2005-12-27|alta
46|Olho D'Água do Raposo|Caxias|MA|1|72|187.3333|100|ITERMA**:187.3333:2005-12-27|alta
47|São Sebastião dos Pretos|Bacabal|MA|1|62|1010.2186|100|ITERMA**:1010.2186:2005-12-27|alta
48|Conceição do Macacoari|Macapá|AP|1|20|8475.4710|100|INCRA:8475.4710:2006-01-02|alta
49|Furnas da Boa Sorte|Corguinho|MS|1|52|1486.4011|5|IDATERRA:73.3177:2006-08-02|alta
50|Pau D'Arco e Parateca|Malhada|BA|2|500|41780.0000|19|SPU:7801.4484:2006-08-08|alta
51|Santa Izabel|Candido Mendes|MA|1|60|837.6155|100|ITERMA**:837.6155:2006-08-30|alta
52|Promissão|São Luis Gonzaga do Maranhão|MA|1|85|179.5163|100|ITERMA:179.5163:2006-08-09|alta
53|Cipó|São João do Soter|MA|1|124|2404.9567|100|ITERMA**:2404.9567:2006-09-01|alta
54|Rio dos Peixes|Pinheiro|MA|1|47|54.2234|100|ITERMA**:54.2234:2006-09-01|alta
55|Santana|Santa Rita|MA|1|41|201.1171|100|ITERMA:201.1171:2006-09-01|alta
56|Santo Inácio|Pinheiro|MA|1|79|1363.4178|100|ITERMA**:1363.4178:2006-09-01|alta
57|Uzina Velha|Caxias|MA|1|76|1160.9576|100|ITERMA**:1160.9576:2006-09-01|alta
58|Bom Jesus|Candido Mendes|MA|1|58|216.3937|100|ITERMA**:216.3937:2006-11-20|alta
59|Lago Grande|Peritoró|MA|1|44|906.8315|100|ITERMA**:906.8315:2006-11-20|alta
60|Juçaral/Santa Helena|Itapecuru-Mirim|MA|1|30|345.4331|100|ITERMA**:345.4331:2006-11-20|alta
61|Olho D'Agua dos Pires|Esperantina|PI|1|89|626.8390|100|INTERPI/INCRA:626.8390:2006-11-20|alta
62|Sítio Velho|Assunção do Piauí|PI|1|92|847.8211|100|INTERPI/INCRA:847.8211:2006-11-20|alta
63|Caranduba|Acará|PA|1|33|644.5477|100|ITERPA:644.5477:2006-11-23|alta
64|Centro Ouro|Mojú|PA|3|123|5243.1409|100|ITERPA:5243.1409:2006-11-23|alta
65|Jacunday|Mojú|PA|1|60|1701.5887|100|ITERPA:1701.5887:2006-11-23|alta
66|Galvão|Eldorado e Iporanga|SP|1|32|2177.1701|86|ITESP*:1869.5711:2007-01-18|alta
67|Jatobá|Muquém de São Francisco|BA|1|69|12717.2620|14|SPU:1778.8900:2007-05-21|alta
68|Mel da Pedreira|Macapá|AP|1|25|2629.0532|100|INCRA:2629.0532:2007-03-21|alta
69|Volta do Campo Grande|Campinas do Piauí|PI|8|129|10897.5945|100|INTERPI/INCRA:10897.5945:2007-09-25|alta
70|Porto Alegre|Cametá|PA|1|54|2858.7114|100|ITERPA**:2858.7114:2007-11-20|alta
71|Jacarequara|Santa Luzia do Pará|PA|1|55|1236.9910|100|ITERPA**:1236.9910:2008-05-13|alta
72|Macapazinho|Santa Isabel do Pará|PA|1|33|91.1505|100|ITERPA**:91.1505:2008-05-13|alta
73|Matias|Cametá|PA|1|45|1424.6701|100|ITERPA**:1424.6701:2008-05-13|alta
74|Menino Jesus|São Miguel do Guamá|PA|1|12|288.9449|100|ITERPA**:288.9449:2008-05-13|alta
75|Tipitinga|Santa Luzia do Pará|PA|1|27|633.4357|100|ITERPA**:633.4357:2008-05-13|alta
76|Cotovelo|Pinheiro|MA|1|55|1220.3410|100|ITERMA:1220.3410:2008-11-14|alta
77|Pedrinhas|Anajatuba|MA|1|28|128.6363|100|ITERMA:128.6363:2008-11-14|alta
78|Campo Redondo|Bacabal|MA|1|38|1521.1087|100|ITERMA:1521.1087:2008-11-14|alta
79|Fazenda Nova|Isaías Coelho|PI|4|168|5592.5036|100|INTERPI/INCRA:5592.5036:2008-11-20|alta
80|Morrinhos|Isaías Coelho|PI|5|146|2532.8489|100|INTERPI/INCRA:2532.8489:2008-11-20|alta
81|Moju-Miri|Moju|PA|1|28|878.6388|100|ITERPA**:878.6388:2008-12-02|alta
82|Ribeira do Jambu-Açu|Moju|PA|1|62|1303.5089|100|ITERPA**:1303.5089:2008-12-02|alta
83|Samaúma|Abaetetuba|PA|1|12|213.0550|100|ITERPA**:213.0550:2008-12-02|alta
84|2º Distrito|Mocajuba|PA|7|400|15073.2371|100|ITERPA**:15073.2371:2008-12-02|alta
85|Família Silva|Porto Alegre|RS|1|12|0.6511|35|INCRA:0.1320744:2009-09-21;INCRA:0.0519088:2009-09-21;INCRA:0.0462555:2009-09-21|alta
86|Chácara das Rosas|Canoas|RS|1|20|0.361944|100|INCRA:0.361944:2009-09-21|alta
87|Santa Rita do Vale|Santa Rita|MA|1|120|319.4535|100|ITERMA:319.4535:2009-10-14|alta
88|Santa Luzia do Tracuateua|Moju|PA|1|32|342.3018|100|ITERPA**:342.3018:2009-11-30|alta
89|Sanat Ana de Baixo|Moju|PA|1|34|1551.1216|100|ITERPA**:1551.1216:2009-11-30|alta
90|São Sebastião|Moju|PA|1|39|962.0094|100|ITERPA**:962.0094:2009-11-30|alta
91|Tambaí-Açú|Mocajuba e Baião|PA|1|66|1824.7852|100|ITERPA**:1824.7852:2009-11-30|alta
92|Nossa Senhora do Livramento|Igarapé-Açu e Nova Timboteua|PA|1|53|128.9332|100|ITERPA**:128.9332:2010-05-06|alta
93|ARQUINEC|Concórdia do Pará|PA|4|180|5981.3412|100|INCRA:5981.3412:2010-08-25|alta
94|Casca|Mostardas|RS|1|85|2387.8596|51|INCRA:867.1367:2010-10-20;INCRA:333.3071:2010-11-20;INCRA:7.2976:2010-11-20;INCRA:0.9616:2010-11-20|alta
95|Itaboca-Quatro Bocas e Cacoal|Inhangapi|PA|2|84|446.6848|100|ITERPA:446.6848:2010-12-17|alta
96|Ramal do Piratuba|Abaetetuba|PA|1|176|959.8167|100|ITERPA:959.8167:2010-12-17|alta
97|Santa Quitéria e Itacoãzinho|Acará|PA|2|67|646.5774|100|ITERPA:646.5774:2010-12-17|alta
98|Jamari dos Pretos|Turiaçu|MA|1|162|14676.6814|45|ITERMA:6613.0630:2011-04-07|alta
99|Contenda|Viana|MA|1|55|1070.0259|100|ITERMA:1070.0259:2011-08-18|alta
100|Santa Rosa e Adjacencias|Viana|MA|1|40|343.5436|100|ITERMA:343.5436:2011-08-18|alta
101|Santa Rosa|Viana|MA|1|32|605.6808|100|ITERMA:605.6808:2011-08-18|alta
102|São Manoel|Viana|MA|1|22|223.3642|100|ITERMA:223.3642:2011-08-18|alta
103|Cajueiro|Viana|MA|1|65|271.2850|100|ITERMA:271.2850:2011-08-19|alta
104|Aguiar|Viana|MA|1|50|906.4145|100|ITERMA:906.4145:2011-08-22|alta
105|Carangueijo|Viana|MA|1|26|274.3079|100|ITERMA:274.3079:2011-08-22|alta
106|Ferreira|Viana|MA|1|50|309.1675|100|ITERMA:309.1675:2011-08-22|alta
107|Mucambo|Viana|MA|1|110|397.0043|100|ITERMA:397.0043:2011-08-22|alta
108|Colônia de São Miguel|Maracajú|MS|1|28|420.6821|79|INCRA:333.0736:2011-09-08|alta
109|Preto Fôrro|Cabo Frio|RJ|1|12|90.5403|100|ITERJ:90.5403:2011-11-04|alta
110|Barreira|Bacuri|MA|1|45|889.0185|100|ITERMA:889.0185:2011-12-19|alta
111|Bem Posta|Presidente Sarney|MA|1|64|385.1886|100|ITERMA:385.1886:2011-12-19|alta
112|Cutia e Cocal|Presidente Sarney|MA|2|66|17.6973|100|ITERMA:17.6973:2011-12-19|alta
113|Chácara Buriti|Campo Grande|MS|1|19|43.0080|28|INCRA:12.1812:2012-04-27|alta
114|Jacuíca|Matinha|MA|1|45|317.3447|100|ITERMA:317.3447:2012-06-26|alta
115|Graça|Matinha|MA|1|51|356.8969|100|ITERMA:356.8969:2012-06-26|alta
116|Mocambo-PA|Ourém|PA|1|102|657.6820|100|ITERPA:657.6820:2012-11-13|alta
117|Mocambo-SE|Porto da Folha|SE|1|113|2100.5400|34||media
118|Lagoa dos Campinhos|Amparo de São Francisco e Telha|SE|1|89|1263.9493|43||media
119|Porto Coris|Leme do Prado|MG|1|21|1121.4200|100|CEMIG:1121.4200:2013-05-24|alta
120|Terra da Liberdade|Cametá e Mocajuba|PA|8|189|11953.4934|100|ITERPA:11953.4934:2013-07-02|alta
121|Muruteuazinho|Santa Luzia do Pará|PA|1|38|628.4249|100|ITERPA:628.4249:2013-09-04|alta
122|São José de Bruno|Matinha|MA|1|38|386.8881|100|ITERMA:386.8881:2013-11-11|alta
123|Cutia II|Matinha|MA|1|110|99.2236|100|ITERMA:99.2236:2013-11-11|alta
124|São Benedito dos Carneiros|Olinda Nova do Maranhão|MA|1|45|219.2630|100|ITERMA:219.2630:2013-11-11|alta
125|Boqueirão|Icatu|MA|1|40|1637.3671|100|ITERMA:1637.3671:2013-11-11|alta
126|Cacoal|Viana|MA|1|71|114.0457|100|ITERMA:114.0457:2013-11-11|alta
127|São Raimundo da Pirativa|Santana|AP|1|13|23.4184|100|SPU***:23.4184:2013-11-13|alta
128|Pirangi|Capela|SE|1|43|128.1984|56|INCRA:71.3694:2013-12-05|alta
129|Rincão dos Martinianos|Restinga Seca|RS|1|55|98.6341|27|INCRA:1.4354:2014-06-11;INCRA:2.4550:2014-06-11;INCRA:7.2082:2014-06-11;INCRA:15.0617:2014-06-11|alta
130|Vazante|Seabra|BA|1|45|2495.4825|100|CDA:2495.4825:2014-06-27|alta
131|Jatobá|Patu|RN|1|45|219.1934|98||media
132|Invernada dos Negros|Campos Novos e Abdon Batista|SC|1|84|7952.9067|11||media
133|Conceição das Crioulas|Salgueiro|PE|1|750|16865.0678|12||media
134|Baixão Velho|Seabra|BA|1|95|3817.7706|100|CDA:3817.7706:2014-09-27|alta
135|Agreste|Seabra|BA|1|72|2340.5536|100|CDA:2340.5536:2014-09-27|alta
136|Conceição|Boninal|BA|1|178|2693.8879|100|CDA:2693.8879:2014-09-27|alta
137|Lagoa Verde|América Dourada|BA|1|75|1275.2692|100|CDA:1275.2692:2014-09-27|alta
138|Itaperinha|Tutoia|MA|1|61|715.1046|100|ITERMA:715.1046:2014-10-30|alta
139|Serra do Queimadão|Seabra|BA|1|150|1504.4741|100|CDA:1504.4741:2014-11-19|alta
140|Vão das Palmeiras|Seabra|BA|1|300|1022.0150|100|CDA:1022.0150:2014-11-19|alta
141|Mulungu|Boninal|BA|1|258|2378.5163|100|CDA:2378.5163:2014-11-19|alta
142|Cutia|Boninal|BA|1|258|1160.1228|100|CDA:1160.1228:2014-11-20|alta
143|Mocambo e Cachoeira|Seabra|BA|2|200|3376.0633|100|CDA:3376.0633:2014-11-20|alta
144|Santa Maria dos Pretos|Itapecuru Mirim|MA|1|352|5584.1620|11|INCRA:401.3321:2014-12-02;INCRA:206.1931:2014-12-02|media
145|Mata de São Benedito|Itapecuru Mirim|MA|1|35|1114.3978|5|INCRA:54.7880:2014-12-02|alta
146|Juçaral / São Francisco Malaquias|Vargem Grande|MA|1|28|1089.0918|57|INCRA:625.5662:2014-12-02|alta
147|Algodões|Jussara|BA|1|102|4193.8079|100|CDA:4193.8079:2014-12-12|alta
148|Boitaraca|Nilo Pessanha|BA|1|110|621.0781|100|CDA:621.0781:2014-12-12|alta
149|Sitio Novo|Jussara|BA|1|94|978.6809|100|CDA:978.6809:2014-12-15|alta
150|Castanhalzinho|Garrafão do Norte|PA|1|62|291.0781|100|ITERPA:291.0781:2015-06-20|alta
151|Cutuvelo|Garrafão do Norte|PA|1|47|497.1703|100|ITERPA:497.1703:2015-06-20|alta
152|Sítio Bosque|Moju|PA|1|85|1152.7029|100|ITERPA:1152.7029:2015-07-20|alta
153|Marambaia|Mangaratiba|RJ|1|124|52.9939|100||media
154|Castainho|Garanhuns|PE|1|206|189.7738|54|INCRA:38.2367:2015-10-20;ITERPE:64.8040:2020-02-27|alta
155|Kalunga|Cavalcante, Monte Alegre e Teresinha do Goiás|GO|54|888|261999.6987|54||media
156|Serra da Guia|Poço Redondo|SE|1|197|9013.1831|22||media
157|Ipiranga|Viana|MA|1|56|1124.5847|100|ITERMA:1124.5847:2016-10-07|alta
158|Carro Quebrado|Viana|MA|1|84|176.9941|100|ITERMA:176.9941:2016-10-07|alta
159|Mirinzal da Julita|Presidente Juscelino|MA|1|25|330.1586|100|ITERMA:330.1586:2016-11-07|alta
160|Imbiral|Pedro do Rosário|MA|1|44|44.5899|100|ITERMA:44.5899:2016-11-16|alta
161|Tabacaria|Palmeira dos Índios|AL|1|89|410.0181|98|INCRA:400.0181:2016-11-20|alta
162|Santa Tereza|Mirinzal|MA|1|37|262.7899|100|ITERMA:262.7899:2016-12-15|alta
163|Ilha Grande do Cupijó|Cametá|PA|1|75|1922.6471|100|ITERPA:1922.6471:2017-04-28|alta
164|São José dos Portugueses|Cândido Mendes|MA|1|279|2119.7745|100|ITERMA:2119.7745:2017-05-19|alta
165|Pontal da Barra|Barra dos Coqueiros|SE|1|153|325.6935|36|INCRA:117.6160:2017-08-09|alta
166|Santa Fé|Costa Marques|RO|1|41|1452.9224|100|INCRA:1452.9224:2017-08-15|alta
167|Queluz|Anajatuba|MA|1|125|243.4938|100|ITERMA:243.4938:2017-09-25|alta
168|Tapuia|Camamu|BA|1|193|2425.8297|100|CDA:2425.8297:2018-01-31|alta
169|Cachoeira Porteira|Oriximiná|PA|1|189|225175.9420|100|ITERPA:225175.9420:2018-02-28|alta
170|Espírito Santo|Acará|PA|1|25|276.1594|100|ITERPA:276.1594:2018-02-28|alta
171|Vila Caeté|Abaetetuba e Barcarena|PA|1|110|1345.3062|100|ITERPA:1345.3062:2018-03-06|alta
172|São Tome Tauçú|Portel|PA|1|40|2568.6224|100|ITERPA:2568.6224:2018-03-12|alta
173|Acauã|Poço Branco|RN|1|64|540.5138|10|INCRA:22.9715:2018-05-24;INCRA:17.7182:2024-04-22;INCRA:21.2424:2024-04-22|media
174|Ariramba|Óbidos|PA|1|27|10454.5619|100|ITERPA:10454.5619:2018-06-18|alta
175|Pérola do Maicá|Santarém|PA|1|16|3.1522|73|PM Santarém:1.3894:2018-09-20;PM Santarém:0.3250:2018-09-20;PM Santarém:0.4501:2018-09-20;PM Santarém:0.0296:2019-10-16;PM Santarém:0.0634:2019-10-16;PM Santarém:0.0356:2019-10-16|media
176|Peruana|Óbidos|PA|1|16|1945.5300|100|INCRA:1945.5300:2018-10-26|alta
177|São Judas Tadeu (ARQUIOB)|Bujaru|PA|1|86|2003.6961|100|INCRA:2003.6961:2018-10-29|alta
178|Invernada Paiol de Telha|Reserva do Iguaçu|PR|1|393|2959.2371|39|INCRA:168.3797:2019-04-04;INCRA:57.0899:2019-04-04;INCRA:760.2345:2022-11-10;INCRA:82.2411:2022-11-10;INCRA:81.5492:2022-11-10|media
179|Soledade|Serrano do Maranhão|MA|1|68|707.2251|100|ITERMA:707.2251:2019-11-19|alta
180|Rio dos Macacos|Simões Filho e Salvador|BA|1|67|104.8787|93|INCRA:91.2855:2020-05-25;INCRA:6.5536:2020-05-25|alta
181|Tatituquara|Bagre|PA|4|41|7662.7691|100|ITERPA:7662.7691:2020-09-21|alta
182|Queimadas Grande|Isaias Coelho|PI|1|70|3257.6764|100|INTERPI:3257.6764:2020-11-13|alta
183|Santo Antônio|Serrano do Maranhão|MA|1|183|277.3625|100|ITERMA:277.3625:2020-11-18|alta
184|Nossa Senhora de Fátima de Crauateua|São Miguel do Guamá|PA|1|61|495.4909|100|ITERPA:495.4909:2020-11-19|alta
185|União São João|Prainha|PA|1|48|1806.8912|100|ITERPA:1806.8912:2020-11-19|alta
186|Capoeira|Viana|MA|1|66|261.4269|100|ITERMA:261.4269:2021-07-13|alta
187|Barra do Aroeira|Santa Tereza do Tocantins|TO|1|174|62315.3819|1|ITERTINS:197.6504:2021-07-29;ITERTINS:714.9511:2021-08-05|media
188|Marinheiro|Piripiri|PI|1|85|208.1455|100|INTERPI:208.1455:2021-09-03|alta
189|Vaquejador|Piripiri|PI|1|154|270.8841|100|INTERPI:270.8841:2021-09-03|alta
190|Riacho Fundo|Isaias Coelho|PI|1|200|1842.7621|100|INTERPI:1842.7621:2021-09-03|alta
191|Cuxiu|Bonito, São Miguel do Guamá e Ourém|PA|1|35|353.0204|100|ITERPA:353.0204:2021-11-16|alta
192|São Benedito|Serrano do Maranhão|MA|1|133|1276.8493|100|ITERMA:1276.8493:2022-02-15|alta
193|Achuí|Santa Helena e Pinheiro|MA|1|40|1064.2147|100|ITERMA:1064.2147:2022-03-31|alta
194|Sabonete|Isaias Coelho e Campinas do Piauí|PI|1|47|1962.2480|100|INTERPI:1962.2480:2022-03-23|alta
195|Santa Maria do Muraiteua|São Miguel do Guamá|PA|1|60|398.8357|100|ITERPA:398.8357:2022-05-10|alta
196|Guajarauna|Abaetetuba e Moju|PA|5|46|1368.3736|100|ITERPA:1368.3736:2022-05-10|alta
197|Boa Vista dos Negros|Parelhas|RN|1|36|445.2676|15|INCRA:65.8341:2022-06-20|alta
198|Ramal do Bacuri|Abaetetuba|PA|1|135|911.8576|100|ITERPA:911.8576:2022-06-27|alta
199|Juquiri|Moju|PA|1|65|698.2962|100|ITERPA:698.2962:2022-06-29|alta
200|Brejo dos Negros|Brejo Grande|SE|1|486|8125.5558|0.24|INCRA:19.7513:2022-08-31|alta
201|Vó Ernestina|Morro Redondo|RS|1|48|2.8553|100|PM Morro Redondo:2.8553:2022-08-31|alta
202|Alto Acará|Acará|PA|1|102|12409.4000|100|ITERPA:12409.4000:2022-09-13|alta
203|Rio Grande|Bequimão|MA|1|108|1032.1306|100|ITERMA:1032.1306:2022-11-09|alta
204|Quatro Bocas|Presidente Sarney|MA|1|40|398.4774|100|ITERMA:398.4774:2022-11-09|alta
205|Marques|Carlos Chagas e Teófilo Otoni|MG|1|6|250.7647|60||media
206|Jesus|São Miguel do Guaporé|RO|1|12|5567.6207|100||media
207|Condurus|Cururupu|MA|1|56|1265.5586|100|ITERMA:1265.5586:2022-12-30|alta
208|Tijuca|Peri Mirim|MA|1|140|2447.9516|100|ITERMA:2447.9516:2022-12-30|alta
209|Petimandeua|Inhangapi|PA|1|55|302.0730|100|ITERPA:302.0730:2023-01-09|alta
210|Brejo dos Crioulos|São João da Ponte, Varzelândia e Verdelândia|MG|1|387|17302.6057|13||media
211|Rio Capim|Ipixuna do Pará|PA|1|85|8118.7137|100|ITERPA:8118.7137:2023-06-14|alta
212|Mimbó|Amarante|PI|1|72|2873.5074|100|INTERPI:2873.5074:2023-06-20|alta
213|Curral de Pedra|Abaré|BA|1|102|4515.2647|53|INCRA:2374.8485:2023-08-30|alta
214|PEAFU|Monte Alegre|PA|1|49|1525.9261|100|ITERPA:1525.9261:2023-11-06|alta
215|Vila Cardoso|Baião|PA|1|324|1121.2922|100|ITERPA:1121.2922:2023-11-06|alta
216|Camutá do Rio Ipixuna|Porto de Moz|PA|1|33|4879.0801|100|ITERPA:4879.0801:2023-11-07|alta
217|Engenho Novo|Ourém|PA|1|56|385.2366|100|ITERPA:385.2366:2023-11-07|alta
218|Paraíso|Inhangapi|PA|1|22|135.4017|100|ITERPA:135.4017:2023-11-08|alta
219|Jabaquara|Acará|PA|1|32|56.1960|100|ITERPA:56.1960:2023-11-08|alta
220|Montevidéu|Ourém|PA|1|29|49.4126|100|ITERPA:49.4126:2023-11-08|alta
221|Santa Luzia do Bom Prazer|Moju|PA|1|66|1024.1135|100|ITERPA:1024.1135:2023-11-09|alta
222|América|Bragança|PA|1|100|106.9587|100|ITERPA:106.9587:2023-11-09|alta
223|São Pedro|Castanhal|PA|1|52|13454.9600|100|ITERPA:13454.9600:2023-11-16|alta
224|Boa Esperança|Cametá|PA|1|42|503.7489|100|ITERPA:503.7489:2023-11-17|alta
225|Aturiá|Ourém|PA|1|169|428.3112|100|ITERPA:428.3112:2023-11-17|alta
226|Igarapé do Arirá|Oeiras do Pará|PA|1|56|1869.7987|100|ITERPA:1869.7987:2023-11-17|alta
227|Ilha de São Vicente|Araguatins|TO|1|48|2479.2844|100|INCRA:2479.2844:2023-11-20|alta
228|Lagoa das Pedras e Encantados de Bom Jardim|Tamboril|CE|1|67|1959.7452|34||media
229|Sítio Arruda|Araripe e Salitre|CE|1|34|334.3401|67||media
230|Deus Bem Sabe|Serrano do Maranhão|MA|1|251|1717.7214|100|ITERMA:1717.7214:2023-11-20|alta
231|Santa Cruz|Peri Mirim|MA|1|55|258.1854|100|ITERMA:258.1854:2023-11-20|alta
232|Malhada de Pretos|Peri Mirim|MA|1|53|346.8973|100|ITERMA:346.8973:2023-11-20|alta
233|Sumidouro|Queimada Nova|PI|1|56|927.3859|100||media
234|Angical|Colônia do Piauí|PI|1|90|443.9860|100||media
235|Aliança e Santa Joana|Cururupu|MA|2|221|7626.2492|100||media
236|Caiana dos Crioulos|Alagoa Grande, Matinhas e Massaranduba|PB|1|98|646.5873|69||media
237|Macacos|São Miguel do Tapuio|PI|1|65|2780.3576|100|INTERPI:2780.3576:2024-05-23|alta
238|Pitombeira|Queimada Nova|PI|1|95|1266.1976|100|INTERPI:1266.1976:2024-05-23|alta
239|Vila São João|Matias Olímpio e Campo Largo|PI|1|53|2346.8503|100|INTERPI:1514.9075:2024-06-20;INTERPI:831.9428:2024-06-20|alta
240|Escondido|Acauã|PI|1|10|277.8421|100|INTERPI:277.8421:2024-06-20|alta
241|São Martins|Paulistana|PI|1|108|2042.4504|100|INTERPI:2042.4504:2024-06-20|alta
242|Sussuarana|Piripiri|PI|1|170|1164.7046|32|INTERPI:373.8060:2024-06-20|alta
243|Volta do Riacho|Queimada Nova|PI|1|62|521.7395|100|INTERPI:521.7395:2024-06-20|alta
244|Rosa|Macapá|AP|1|17|4984.4857|84||media
245|Cafundó|Salto do Pirapora|SP|1|18|219.4462|35||media
