fid;territorio_iterpa;comunidade_iterpa;processo;municipio;area_decreto_ha;area_poligono_ha;data_titulo;vinculo;criterio;id_base;nome_base;processo_base;area_base_ha
0;JUQUIRI;ASSOCIAÇÃO REMANESCENTE DE QUILOMBO NOVO PALMARES DA COMUNIDADE JUQUIRI;295929;MOJU;698.2962;705.1121;2022-06-29;provavel;mesma área (quatro casas decimais) e nome ou município compatível;SRM-0783;Juquiri;;698.2962
1;ARQAE;ASSOCIAÇÃO REMANESCENTE DE QUILOMBO DE ARIENGA ESTRADA;1140966;BARCARENA;50.9494;51.5195;2025-11-04;novo;;SRM-0811;Arienga Estrada;2024/1140966;50.9494
2;COMUNIDADE CAMUTÁ DO RIO IPIXUNA;ASSOCIAÇÃO REMANESCENTES DE QUILOMBO DAS FAMÍLIAS MORADORAS DA VILA CANTA GALO, MEMBROS DA COMUNIDADE SANTO ANTONIO DO CAMUTA DO RIO IPIXUNA;170614;PORTO DE MOZ;4879.0801;4884.4466;2023-11-07;provavel;mesma área (quatro casas decimais) e nome ou município compatível;SRM-0796;Camutá do Rio Ipixuna;;4879.0801
3;COMUNIDADE SANTA LUZIA DO BOM PRAZER - PARCELA 2;ASSOCIAÇÃO DA COMUNIDADE REMANESCENTE DE QUILOMBO DE SANTA LUZIA DO BOM PRAZER;334519;MOJU;1024.1135;1039.2074;2023-11-09;novo;;SRM-0812;Santa Luzia do Bom Prazer;2009/334519;1372.5017
4;COMUNIDADES ALTO E BAIXO ITACURUÇA, CAMPOPEMA, JENIPAÚBA, ACARAQUI, IGARAPÉ SÃO JOÃO, ARAPAPU E RIO TAUERÁ-AÇU;ASSOCIAÇÃO DAS COMUNIDADES REMANESCENTES DE QUILOMBOS DAS ILHAS DE ABAETETUBA - ARQUIA;274554;ABAETETUBA;9076.1909;9146.2668;2002-07-05;confirmado;mesmo nº de processo ITERPA e mesma área decretada;SRM-0367;ALTO ITACURUÇA, BAIXO ITACURUCA, BOM REMEDIO;2001/274.554;9076.1909
5;COMUNIDADE DE QUILOMBO TAMBAÍ-AÇU;ASSOCIAÇÃO DA COMUNIDADE DE REMANESCENTES DE QUILOMBO DE TAMBAÍ-AÇU - ACREQTA;175105;MOCAJUBA E BAIÃO;1824.7852;1830.7158;2009-11-30;confirmado;mesmo nº de processo ITERPA e mesma área decretada;SRM-0455;TAMBAÍ-AÇU;2005/175.105;1824.7852
6;COMUNIDADE DO AMÉRICA;ASSOCIAÇÃO REMANESCENTE DA COMUNIDADE QUILOMBOLA DO AMÉRICA - ARQUIA;445905;BRAGANÇA;106.9587;109.4937;2023-11-09;provavel;mesma área (quatro casas decimais) e nome ou município compatível;SRM-0801;América;;106.9587
7;SÃO BENEDITO;ASSOCIAÇÃO DE MORADORES E AGRICULTORES REMANESCENTES DE QUILOMBO SÃO BENEDITO;598092;CAMETÁ;3379.0932;3448.3191;2023-10-03;novo;;SRM-0813;São Benedito;2013/598092;3379.0932
8;COMUNIDADE TERRA DA LIBERDADE;ASSOCIAÇÃO DE DESENVOLVIMENTO SUSTENTÁVEL DAS COMUNIDADES QUILOMBOLAS TERRA DA LIBERDADE;23102;CAMETÁ E MOCAJUBA;11953.4934;11991.1907;2009-11-30;confirmado;mesmo nº de processo ITERPA e mesma área decretada;SRM-0457;TOMÁZIA, TACHIZAL, ITAPOCU, MOLA, BONFIM, FRADE;2010/23102;11953.4934
9;COMUNIDADE DE SANTA LUZIA DO TRACUATEUA;ASSOCIAÇÃO REMANESCENTE DE QUILOMBO OLORUM DE SANTA LUZIA DO TRACUATEUA;304667;MOJU;342.3018;340.5703;2009-11-30;provavel;mesma área (quatro casas decimais) e nome ou município compatível;SRM-0435;SANTA LUZIA DO TRACUATEUA;2006/304.677;342.3016
10;COMUNIDADE DE TIPITINGA;ASSOCIAÇÃO DOS MORADORES REMANESCENTE DO QUILOMBO TIPITINGA - AMORQUIT;98587;SANTA LUZIA DO PARÁ;633.4357;638.0657;2008-05-13;provavel;mesma área (quatro casas decimais) e nome ou município compatível;SRM-0456;TIPITINGA;2007/985587;633.4357
11;COMUNIDADE ILHA GRANDE DE CUPIJÓ;ASSOCIAÇÃO DOS REMANESCENTES DE QUILOMBO DA ILHA GRANDE DE CUPIJÓ - ARQUICAM;117674;CAMETÁ;1922.6471;1939.025;2017-04-28;provavel;mesma área (quatro casas decimais) e nome ou município compatível;SRM-0763;Ilha Grande do Cupijó;;1922.6471
12;ASSOCIAÇÃO COMUNITÁRIA  AGRÍCOLA REMANESCENTE DE QUILOMBOLA DO MONTEVIDÉU - AACOREQM;ASSOCIAÇÃO COMUNITÁRIA  AGRÍCOLA REMANESCENTE DE QUILOMBOLA DO MONTEVIDÉU - AACOREQM;1084597;OURÉM;49.4126;50.4561;1900-01-01;provavel;mesma área (quatro casas decimais) e nome ou município compatível;SRM-0800;Montevidéu;;49.4126
13;COMUNIDADE DE MOJU-MIRI;ASSOCIAÇÃO DOS MORADORES QUILOMBOLAS DO MOJU-MIRI - AQMOMI;276984;MOJU;878.6388;885.4286;2008-12-02;confirmado;mesmo nº de processo ITERPA e mesma área decretada;SRM-0407;MOJU-MIRI;2007/276984;878.6388
14;COMUNIDADE DE PORTO ALEGRE;ASSOCIAÇÃO DOS REMANESCENTES DE QUILOMBOS DE PORTO ALEGRE - ARQUIPA;292564;CAMETÁ;2858.7114;2841.1435;2007-11-20;confirmado;mesmo nº de processo ITERPA e mesma área decretada;SRM-0419;PORTO ALEGRE;2006/292564;2858.7114
15;ASSOCIAÇÃO DOS REMANCESCENTES DE QUILOMBOLAS SÃO PEDRO;ASSOCIAÇÃO DOS REMANCESCENTES DE QUILOMBOLAS SÃO PEDRO;293617;CASTANHAL;362.509;369.8016;1900-01-01;provavel;nome compatível no mesmo município (sem processo nem área coincidentes);SRM-0802;São Pedro;;13454.96
16;COMUNIDADE DO RAMAL DO BACURI;ASSOCIAÇÃO DA COMUNIDADE REMANESCENTES DE QUILOMBO DO RAMAL DO BACURI;31389;ABAETETUBA;911.8576;928.3064;2022-06-27;novo;;SRM-0814;Ramal do Bacuri;2006/31389;911.8576
17;COMUNIDADE QUILOMBOLA DE SÃO SEBASTIÃO;ASSOCIAÇÃO REMANESCENTE DE QUILOMBO CONGO DA VILA TRACUATEUA - ARQCONGO;93806;MOJU;962.0094;965.3794;2009-11-30;confirmado;mesmo nº de processo ITERPA e mesma área decretada;SRM-0443;SAO SEBASTIAO;2007/93.806;962.0094
18;COMUNIDADE DE ABACATAL-AURÁ;ASSOCIAÇÃO DOS MORADORES E PRODUTORES DE ABACATAL - AURÁ;147597;ANANINDEUA;265.3472;305.0882;1999-05-13;confirmado;mesmo nº de processo ITERPA e nome compatível;SRM-0364;ABACATAL-AURÁ;2000/147597;583.2838
19;COMUNIDADE DE JACAREQUARA;ASSOCIAÇÃO QUILOMBOLA VIDA PARA SEMPRE JACAREQUARA - AVPS;26018;SANTA LUZIA DO PARÁ;1236.991;1254.3384;2008-05-13;novo;;SRM-0815;Jacarequara;2006/26018;1236.991
20;COMUNIDADE DE MENINO JESUS;ASSOCIAÇÃO DOS MORADORES REMANESCENTES DE QUILOMBOS DA COMUNIDADE MENINO JESUS;304645;SÃO MIGUEL DO GUAMÁ;288.9449;295.0852;2008-05-13;confirmado;mesmo nº de processo ITERPA e mesma área decretada;SRM-0405;MENINO JESUS;2006/304645;288.9449
21;COMUNIDADE SÃO JORGE;ASSOCIAÇÃO QUILOMBOLA SÃO JORGE;966457;ABAETETUBA;61.7185;61.9342;2024-05-28;novo;;SRM-0816;São Jorge;2023/966457;61.7185
22;COMUNIDADES DE LARANJITUBA E ÁFRICA I;ASSOCIAÇÃO QUILOMBOLA DO BAIXO CAETÉ;166608;MOJU;118.0441;118.4577;2001-12-04;provavel;nome compatível no mesmo município (sem processo nem área coincidentes);SRM-0402;LARANJITUBA E ÁFRICA;2006/424.891;1108.1837
23;COMUNIDADE MENINO JESUS;ASSOCIAÇÃO DE MORADORES E AGRICULTORES REMANESCENTES DE QUILOMBO MENINO JESUS;208421;ACARÁ;649.1825;658.9778;2010-05-06;novo;;SRM-0817;Menino Jesus;2004/208421;649.1825
24;COMUNIDADE CRISTÃ DE BALIEIRO;ASSOCIAÇÃO DE QUILOMBOS DA COMUNIDADE CRISTÃ DE BALIEIRO;94830;BAGRE;2998.299;3007.1752;2021-11-12;novo;;SRM-0818;Cristã de Balieiro;2012/94830;2998.299
25;COMUNIDADE CAMIRANGA;COMUNIDADE DE REMANESCENTES DE QUILOMBOS CAMIRANGA;208353;CACHOEIRA DO PIRIÁ;320.6121;323.6527;2002-01-16;confirmado;mesmo nº de processo ITERPA e mesma área decretada;SRM-0382;CAMIRANGA;1999/208353;320.6121
26;QUIANDEUA;ASSOCIAÇÃO DOS QUILOMBOLAS DA REGIÃO DO RIO CAPIM - AQRRC;15342;IPIXUNA DO PARÁ;8118.7137;8164.192;1900-01-01;provavel;mesma área (quatro casas decimais) e nome ou município compatível;SRM-0791;Rio Capim;;8118.7137
27;ASSOCIAÇÃO DOS REMANESCENTES QUILOMBOLAS DO PARAÍSO - ARQP;ASSOCIAÇÃO DOS REMANESCENTES QUILOMBOLAS DO PARAÍSO - ARQP;563889;INHANGAPI;135.4017;136.1648;1900-01-01;provavel;mesma área (quatro casas decimais) e nome ou município compatível;SRM-0798;Paraíso;;135.4017
28;COMUNIDADES SANTA FÉ E SANTO ANTÔNIO;ASSOCIAÇÃO COMUNITÁRIA DOS REMANESCENTES DE QUILOMBOS MOCAMBOS DE SANTA FÉ E SANTO ANTÔNIO;65113;BAIÃO;830.8776;859.7309;2002-09-29;confirmado;mesmo nº de processo ITERPA e mesma área decretada;SRM-0434;SANTA FE E SANTO ANTONIO;1999/65113;830.8776
29;COMUNIDADE RIBEIRA DO JAMBU-AÇU;ASSOCIAÇÃO QUILOMBOLA OXOSSI DA COMUNIDADE RIBEIRA;385246;MOJU;1303.5089;1259.9161;2008-12-02;confirmado;mesmo nº de processo ITERPA e nome compatível;SRM-0430;RIBEIRA DO JAMBU-AÇU;2005/385246;13003.5089
30;COMUNIDADES DE ABUÍ, PARANÁ DO ABUÍ, TAPAGEM, SAGRADO CORAÇÃO, MÃE CUÉ;ASSOCIAÇÃO DAS COMUNIDADES REMANESCENTES DE QUILOMBOS ABUÍ, PARANÁ DO ABUÍ, TAPAGEM, SAGRADO CORAÇÃO, MÃE CUÉ (MÃE DOMINGAS);234785;ORIXIMINÁ;79095.5912;79162.8859;2003-11-20;confirmado;mesmo nº de processo ITERPA e mesma área decretada;SRM-0365;ABUI, PARANA DO ABUI, TAPAGEM, SAGRADO CORACAO;1999/234785;79095.5912
31;COMUNIDADE REMANCESCENTE DE QUILOMBO DO IGARAPÉ ARIRÁ;ASSOCIAÇÃO REMANCESCENTE DE QUILOMBOS DO IGARAPÉ ARIRÁ - ARQIA;211283;OEIRAS DO PARÁ;1869.7987;1874.9767;1900-01-01;provavel;mesma área (quatro casas decimais) e nome ou município compatível;SRM-0805;Igarapé do Arirá;;1869.7987
32;COMUNIDADES PANCADA, ARAÇÁ, ESPÍRITO SANTO, JAUARI, BOA VISTA DO CUMINÁ, VARRE VENTO, JARAUACÁ E ACAPÚ;ASSOCIACÃO DAS COMUNIDADES REMANESCENTES DE QUILOMBOS PANCADA, ARAÇÁ, ESPÍRITO SANTO, JAUARI, BOA VISTA DO CUMINÁ, VARRE VENTO, JARAUACÁ E ACAPÚ - ACORQE;73899;ORIXIMINÁ E ÓBIDOS;160459.4072;90990.697;2000-05-12;provavel;Título ITERPA de 160.459,4072 ha. Somado ao título do INCRA de 71.150,8867 ha, resulta em 231.610,2939 ha — a área do território Erepecuru na tabela de títulos do INCRA. Vinculado pela soma exata das áreas.;SRM-0459;TQ EREPECURU;;71150.8867430105
33;COMUNIDADE SANTA LUZIA DO BOM PRAZER - PARCELA 1;ASSOCIAÇÃO DA COMUNIDADE REMANESCENTE DE QUILOMBO DE SANTA LUZIA DO BOM PRAZER;334519;MOJU;348.3882;350.2988;2024-10-18;novo;;SRM-0812;Santa Luzia do Bom Prazer;2009/334519;1372.5017
34;COMUNIDADE SACATANDEUA;ASSOCIAÇÃO DE AGRICULTORES, EXTRATIVISTAS E PESCADORES REMANESCENTES QUILOMBO SACATANDEUA;457333;QUATIPURU;332.9457;337.7046;2024-10-21;novo;;SRM-0819;Sacatandeua;2024/457333;332.9457
35;QUILOMBO DO BACURI;ASSOCIAÇÃO COMUNITÁRIA DE REMANESCENTES DE QUILOMBOS DO BACURI - ARQUIBA;137361;OEIRAS DO PARÁ;111.5149;111.8196;2024-10-16;novo;;SRM-0820;Bacuri;2024/137361;111.5149
36;COMUNIDADE DO ESPÍRITO SANTO DO ITÁ;ASSOCIAÇÃO QUILOMBOLA ESPIRÍTO SANTO DO ITÁ;257157;SANTA IZABEL DO PARÁ;16.6881;17.0539;2024-06-17;novo;;SRM-0821;Espírito Santo do Itá;2024/257157;16.6881
37;COMUNIDADE QUILOMBOLA DE BOA ESPERANÇA;ASSOCIAÇÃO DE MORADORES REMANESCENTES DE QUILOMBOS DA COMUNIDADE BOA ESPERANÇA;204679;CAMETÁ;503.7489;505.3159;2023-11-17;provavel;mesma área (quatro casas decimais) e nome ou município compatível;SRM-0803;Boa Esperança;;503.7489
38;COMUNIDADE DO ESPÍRITO SANTO;ASSOCIAÇÃO DOS MORADORES E AGRICULTORES DA COMUNIDADE DO ESPÍRITO SANTO - AMECES;178778;ACARÁ;276.1594;277.126;2024-03-22;provavel;mesma área (quatro casas decimais) e nome ou município compatível;SRM-0766;Espírito Santo;;276.1594
39;REMANESCENTE DE QUILOMBO DE IGARAPÉ-AÇÚ;ASSOCIAÇÃO DA COMUNIDADE REMANESCENTE DE QUILOMBO DE IGARAPÉ-AÇÚ;456984;MOCAJUBA;3332.9268;3354.0596;2024-10-15;novo;;SRM-0822;Igarapé-Açú;2024/456984;3332.9268
40;COMUNIDADE DE COSTEIRA;ASSOCIAÇÃO DAS COMUNIDADES REMANESCENTES QUILOMBOLAS DE COSTEIRA - ARQUICO;112881;CAMETÁ E OEIRAS DO PARÁ;2425.5904;2445.7351;2024-10-10;novo;;SRM-0823;Costeira;2024/112881;2425.5904
41;NAVEGANTES;ASSOCIAÇÃO QUILOMBOLA NAVEGANTES;16030;CASTANHAL;61.5415;61.787;2025-10-31;novo;;SRM-0824;Navegantes;2025/16030;61.5415
42;COMUNIDADE DE MACAPAZINHO;ASSOCIAÇÃO COMUNITÁRIA DE REMANESCENTES DE QUILOMBOS DE MACAPAZINHO;169594;SANTA ISABEL DO PARÁ;93.2083;93.5391;2008-05-13;confirmado;mesmo nº de processo ITERPA e nome compatível;SRM-0403;MACAPAZINHO;2006/169594;91.1505
43;COMUNIDADE SANTA RITA DE BARREIRA;ASSOCIAÇÃO DOS MORADORES DA COMUNIDADE QUILOMBOLA DE SANTA RITA DE BARREIRA;294022;SÃO MIGUEL DO GUAMÁ;371.3032;320.8791;2002-09-22;confirmado;mesmo nº de processo ITERPA e mesma área decretada;SRM-0439;SANTA RITA DE BARREIRAS;2001/294022;371.3032
44;COMUNIDADE VILA DUTRA;ASSOCIAÇÃO DE MORADORES, PESCADORES E AGRICULTORES REMANESCENTES DE QUILOMBOS DA VILA DUTRA - AMPARQVD;128930;BAIÃO;213.1133;214.8397;2024-10-24;novo;;SRM-0825;Vila Dutra;2024/128930;213.1133
45;AMARQUALTA;ASSOCIAÇÃO DE MORADORES E AGRICULTORES REMANESCENTES QUILOMOLAS DO ALTO ACARÁ;40428;ACARÁ;12409.4;723.6222;2022-09-13;provavel;mesma área (quatro casas decimais) e nome ou município compatível;SRM-0785;Alto Acará;;12409.4
46;COMUNIDADE TRÊS VOLTAS;ASSOCIAÇÃO DOS REMANESCENTES DE QUILOMBO DA COMUNIDADE TRÊS VOLTAS - ARQUICOMT;322330;SANTA LUZIA DO PARÁ;1184.2208;1193.2691;2024-10-21;novo;;SRM-0826;Três Voltas;2006/322330;1184.2208
47;COMUNIDADE ABACATAL-AURÁ;ASSOCIAÇÃO DOS MORADORES DO ABACATAL - AURÁ;297756;ANANINDEUA;317.9366;257.7731;1999-05-13;provavel;nome compatível no mesmo município (sem processo nem área coincidentes);SRM-0364;ABACATAL-AURÁ;2000/147597;583.2838
48;COMUNIDADE NOSSA SENHORA DA CONCEIÇÃO;ASSOCIAÇÃO REMANESCENTES DE QUILOMBOS NOSSA SENHORA DA CONCEIÇÃO;331069;MOJU;2393.0559;2264.5545;2005-11-20;confirmado;mesmo nº de processo ITERPA e mesma área decretada;SRM-0415;NOSSA SENHORA DA CONCEICAO;2001/331069;2393.0559
49;COMUNIDADE DE SÃO MANOEL;ASSOCIAÇÃO QUILOMBOLA DOS AGRICULTORES DE SÃO MANOEL;331140;MOJU;1293.1786;1368.6784;2005-11-20;confirmado;mesmo nº de processo ITERPA e nome compatível;SRM-0442;SAO MANOEL-PA;2001/331140;223.3642
50;COMUNIDADES DE RAMAL DO PIRATUBA;COMUNIDADE REMANESCENTE DE QUILOMBOS DO RAMAL DO PIRATUBA;146675;ABAETETUBA;959.8167;963.1354;2010-12-17;confirmado;mesmo nº de processo ITERPA e mesma área decretada;SRM-0429;RAMAL DO PIRATUBA;2003/146675;959.8167
51;COMUNIDADE DE SÃO JOSÉ DO ICATU;COMUNIDADE REMANESCENTE DE QUILOMBOS SÃO JOSÉ DE ICATU;219555;BAIÃO E MOCAJUBA;3034.2753;3043.8854;2024-10-24;provavel;nome compatível no mesmo município (sem processo nem área coincidentes);SRM-0441;SAO JOSE DO ICATU;01420.009023/2010-81;1636.6122
52;COMUNIDADE MARIA RIBEIRA;ASSOCIAÇÃO DAS COMUNIDADES REMANESCENTES DE QUILOMBOS MARIA RIBEIRA - ARQMR;207919;GURUPÁ;2031.8727;2069.8554;2000-11-20;provavel;mesma área (quatro casas decimais) e nome ou município compatível;SRM-0712;Maria Ribeira;;2031.8727
53;AQUIP;ASSOCIAÇÃO DE AGRICULTORES EXTRATIVISTAS, PESCADORES E FORMADORES ARTESANAIS REMANESCENTES QUILOMBOLAS DA COMUNIDADE PONTINHA;16004;TRACUATEUA;115.0849;116.8259;2025-11-04;novo;;SRM-0827;Pontinha;2025/16004;115.0849
54;COMUNIDADE QUILOMBO DO RIO BRANCO;COMUNIDADE QUILOMBOLA RIO BRANCO;992892;OEIRAS DO PARÁ;256.6991;257.3664;2024-10-16;novo;;SRM-0828;Rio Branco;2023/992892;256.6991
55;COMUNIDADE DE ITABOCA - QUATRO BOCAS E CACOAL;COMUNIDADE REMANESCENTE DE QUILOMBOS DE ITABOCA - QUATRO BOCAS E CACOAL;14803;INHANGAPI;446.6848;448.4863;2010-12-17;confirmado;mesmo nº de processo ITERPA e mesma área decretada;SRM-0397;ITABOCA QUATRO BOCAS E CACOAL;2006/14803;446.6848
56;COMUNIDADE GUADALUPE;ASSOCIAÇÃO DA COMUNIDADE QUILOMBOLA GUADALUPE;606932;MOJU;448.6934;450.7376;2024-10-21;novo;;SRM-0829;Guadalupe;2024/606932;448.6934
57;ASSOCIAÇÃO COMUNITÁRIA AGRÍCOLA REMANESCENTE DE QUILOMBOLA ATURIÁ - ACARQA;ASSOCIAÇÃO COMUNITÁRIA AGRÍCOLA REMANESCENTE DE QUILOMBOLA ATURIÁ - ACARQA;1090877;OURÉM;428.3112;433.074;1900-01-01;provavel;mesma área (quatro casas decimais) e nome ou município compatível;SRM-0804;Aturiá;;428.3112
58;COMUNIDADE DE CALADOS E CARANAZAL;ASSOCIAÇÃO DE REMANESCENTES DE QUILOMBO DAS COMUNIDADES DE CALADOS E CARANAZAL;306721;BAIÃO;1581.0638;1603.2487;2024-10-24;novo;;SRM-0830;Calados e Caranazal;2024/306721;1581.0638
59;COMUNIDADE DE MATIAS;ASSOCIAÇÃO DOS REMANESCENTES DE QUILOMBOS DE MATIAS - ARQUIMAT;14848;CAMETÁ;1424.6701;1451.7955;2008-05-13;confirmado;mesmo nº de processo ITERPA e mesma área decretada;SRM-0404;MATIAS;2006/14848;1424.6701
60;COMUNIDADE DE JACUNDAY;ASSOCIAÇÃO DA COMUNIDADE REMANESCENTE DE QUILOMBO OXALA DE JACUNDAY;215952;MOJU;1701.5887;1719.943;2006-11-23;confirmado;mesmo nº de processo ITERPA e mesma área decretada;SRM-0399;JACUNDAY;2002/215.952;1701.5887
61;ACRQVST;ASSOCIAÇÃO COMUNITÁRIA REMANESCENTE DE QUILOMBO DA VILA SANTÍSSIMA TRINDADE;926537;SANTA IZABEL DO PARÁ;24.9472;23.7543;2025-09-04;novo;;SRM-0831;Vila Santíssima Trindade;2024/926537;24.9472
62;COMUNIDADE QUILOMBOLA UNIÃO SÃO JOÃO;ASSOCIAÇÃO REMANESCENTE QUILOMBOLA UNIÃO SÃO JOÃO - ARQUISAJO;191581;PRAINHA;1806.8912;1805.1915;2020-11-19;provavel;mesma área (quatro casas decimais) e nome ou município compatível;SRM-0774;União São João;;1806.8912
63;ARQUINA;ASSOCIAÇÃO REMANESCENTE DE QUILOMBOS DE NOVA AMÉRICA;318087;OEIRAS DO PARÁ;7655.2272;7949.8088;2024-10-24;novo;;SRM-0832;Nova América;2003/318087;7655.2272
64;ACREQMA;ASSOCIAÇÃO DA COMUNIDADE REMANESCENTE DE QUILOMBO DE MAZAGÃO;18060;MOCAJUBA/CAMETÁ;895.5791;896.0538;2025-11-04;novo;;SRM-0833;Mazagão;2025/18060;895.5791
65;COMUNIDADE DO BAIXO GUAJARAÚNA, CACOAL, DIVINO ESPÍRITO SANTO, FAZENDA E CINCO REIS;ASSOCIAÇÃO REMANESCENTE DE QUILOMBO DO BAIXO GUAJARAÚNA, CACOAL, DIVINO ESPÍRITO SANTO, FAZENDA E CINCO REIS - ARQUIBAGUA;137413;ABAETETUBA E MOJU;1368.3736;1373.1697;2022-05-10;provavel;mesma área (quatro casas decimais) e nome ou município compatível;SRM-0782;Guajarauna;;1368.3736
66;COMUNIDADE VILA CAETÉ;ASSOCIAÇÃO DA COMUNIDADE REMANESCENTE DE QUILOMBO DO CAETÉ - AQUICAETE;137399;ABAETETUBA;1482.1039;1487.2919;2018-03-06;provavel;nome compatível no mesmo município (sem processo nem área coincidentes);SRM-0767;Vila Caeté;;1345.3062
67;COMUNIDADE DE ITANCUÃ MIRI;ASSOCIAÇÃO DAS COMUNIDADES REMANESCENTES DE QUILOMBOS FILHOS DE ZUMBI - ITANCUÃ MIRI, GUAJARÁ MIRI E ESPIRITO SANTO;228840;ACARÁ;968.9932;972.417;2003-11-20;confirmado;mesmo nº de processo ITERPA e mesma área decretada;SRM-0398;ITACOÃ MIRI;1999/228840;968.9932
68;COMUNIDADE BOM REMÉDIO;ASSOCIAÇÃO DAS COMUNIDADES REMANESCENTES DE QUILOMBOS DAS ILHAS DE ABAETETUBA - ARQUIA;274554;ABAETETUBA;588.167;590.1816;2002-05-05;provavel;mesma área (quatro casas decimais) e nome ou município compatível;SRM-0713;Ilhas de Abaetetuba;;588.167
69;COMUNIDADE DE SANTO CRISTO;ASSOCIAÇÃO DA COMUNIDADE REMANESCENTE DE QUILOMBO DE SANTO CRISTO DO IPITINGA DO MIRINDEUA;331128;MOJU;1767.0434;1761.1393;2003-06-23;provavel;mesma área (quatro casas decimais) e nome ou município compatível;SRM-0440;SANTO CRISTO;2008/426914;1767.0434
70;COMUNIDADE QUILOMBOLA DO PEAFÚ;ASSOCIAÇÃO DE REMANCESCENTE DE QUILOMBO DE PEAFÚ - ARQPEAFU;123018;PORTO DE MOZ;4879.081;1522.6719;1900-01-01;provavel;"No shapefile do ITERPA, o município (Porto de Moz) e a área decretada (4.879,081 ha) desta feição repetem os de Camutá do Rio Ipixuna. O polígono, porém, mede 1.522,67 ha e está em Monte Alegre — compatível com PEAFU na tabela de títulos do INCRA (Monte Alegre, 1.525,9261 ha). Vinculado por geometria; atributos do ITERPA a conferir.";SRM-0794;PEAFU;;1525.9261
71;COMUNIDADE REMANESCENTE DE QUILOMBOS DE CACHOEIRA PORTEIRA;ASSOCIAÇÃO DOS MORADORES DA COMUNIDADE REMANESCENTE DE QUILOMBOS DE CACHOEIRA PORTEIRA - AMOCREQ-CPT;125212;ORIXIMINÁ;225289.5222;225789.7698;2018-02-28;provavel;nome compatível no mesmo município (sem processo nem área coincidentes);SRM-0386;Cachoeira Porteira;54501.001830/2014-46;225289.5222
72;CEARAZINHO;ASSOCIAÇÃO DE AGRICULTORES EXTRATIVISTAS E PESCADORES REMANESCENTES QUILOMBOLAS DA COMUNIDADE CEARAZINHO;16041;OURÉM;10.5207;11.0061;2025-11-04;novo;;SRM-0834;Cearazinho;2025/16041;10.5207
73;VILA CRUZEIRO;ASSOCIAÇÃO QUILOMBOLA DA VILA CRUZEIRO;653032;BARCARENA;624.7225;627.2623;2025-11-05;novo;;SRM-0835;Vila Cruzeiro;2023/653032;624.7225
74;COMUNIDADE CASTANHALZINHO;ASSOCIAÇÃO DOS REMANESCENTES DE QUILOMBOS DA COMUNIDADE CASTANHALZINHO;558964;GARRAFÃO DO NORTE;291.0781;293.1494;2015-07-20;provavel;mesma área (quatro casas decimais) e nome ou município compatível;SRM-0756;Castanhalzinho;;291.0781
75;COMUNIDADE DE MOCAJUBA;ASSOCIAÇÃO DA COMUNIDADE QUILOMBOLA DE MOCAJUBA;457226;BUJARU;510.3471;518.2091;2024-10-28;novo;;SRM-0836;Mocajuba;2024/457226;510.3471
76;COMUNIDADES DE LARANJITUBA E ÁFRICA II;ASSOCIAÇÃO QUILOMBOLA DO BAIXO CAETÉ;414891;ABAETETUBA;1108.1837;1112.072;2008-12-02;provavel;mesma área (quatro casas decimais) e nome ou município compatível;SRM-0402;LARANJITUBA E ÁFRICA;2006/424.891;1108.1837
77;COMUNIDADES DO 2º DISTRITO DE PORTO GRANDE, MANGABEIRA, SÃO BENEDITO DO VIZEU, SANTO ANTÔNIO DO VIZEU, UXIZAL, VIZÂNIA E ITABATINGA - ARQDMO;ASSOCIAÇÃO DOS REMANESCENTES DE QUILOMBOS DO 2º DISTRITO DE PORTO GRANDE, MANGABEIRA, SÃO BENEDITO DO VIZEU, SANTO ANTÔNIO DO VIZEU, UXIZAL, VIZÂNIA E ITABATINGA - ARQDMO;119303;MOCAJUBA;15073.2371;15120.8021;2010-12-17;confirmado;mesmo nº de processo ITERPA e mesma área decretada;SRM-0420;PORTO GRANDE, MANGABEIRA, SAO BENEDITO DE VISEU;1999/119.303;15073.2371
78;COMUNIDADE DE SANTA MARIA DE MIRINDEUA;ASSOCIAÇÃO DA COMUNIDADE REMANESCENTE DE QUILOMBO DE SANTA MARIA DE MIRINDEUA;215956;MOJU;1763.0618;1819.5756;2003-08-23;confirmado;mesmo nº de processo ITERPA e mesma área decretada;SRM-0436;SANTA MARIA DO MIRINDEUA;2002/215956;1763.0618
79;COMUNIDADE DO SAMAÚMA;ASSOCIAÇÃO REMANESCENTE DE QUILOMBO DO SAMAÚMA;216501;ABAETETUBA;213.055;213.7993;2008-12-02;confirmado;mesmo nº de processo ITERPA e mesma área decretada;SRM-0432;SAMAÚMA;2002/216.501;213.055
80;ACREQA;ASSOCIAÇÃO DA COMUNIDADE REMANESCENTE DE QUILOMBO DE AÇAIZAL;11435;MOCAJUBA;1049.96;983.873;2025-11-05;novo;;SRM-0837;Açaizal;2025/11435;1049.96
81;COMUNIDADE QUILOMBOLA DO CUXIU;ASSOCIAÇÃO DA COMUNIDADE QUILOMBOLA DO CUXIU;320903;BONITO;353.0204;357.2135;2021-11-16;provavel;mesma área (quatro casas decimais) e nome ou município compatível;SRM-0778;Cuxiu;;353.0204
82;COMUNIDADES DE GURUPÁ MIIRM, JOCOJÔ, FLEXINHA, CARRAZEDO, CAMUTÁ DO IPIXUNA, BACÁ DO IPIXUNA, ALTO IPIXUNA E ALTO DO PUCURUÍ;ASSOCIAÇÃO DOS REMANESCENTES DE QUILOMBOS DE GURUPÁ - ARQMG;286451;GURUPÁ;83437.1287;85214.5403;2000-07-20;provavel;mesma área (quatro casas decimais) e nome ou município compatível;SRM-0393;GURUPA MIRIM, JOCOJO, FLEXINHA, CARRAZEDO;1999/172148;83437.1287
83;COMUNIDADE BAILIQUE;ASSOCIAÇÃO DE REMANESCENTES DE QUILOMBOS DE BAILIQUE - ARQBI;178762;BAIÃO E OEIRAS DO PARÁ;7297.691;9095.0656;2002-07-19;confirmado;mesmo nº de processo ITERPA e mesma área decretada;SRM-0374;BAILIQUE BEIRA, BAILINQUE CENTRO, POCAO;1999/178762;7297.691
84;COMUNIDADE DO COTOVELO;ASSOCIAÇÃO DE REMANESCENTES DE QUILOMBOS DO COTOVELO - ARCQ;2008/558946;GARRAFÃO DO NORTE;497.1703;436.5088;2015-07-20;provavel;mesma área (quatro casas decimais) e nome ou município compatível;SRM-0757;Cutuvelo;;497.1703
85;COMUNIDADE SANTA MARIA DE TRACUATEUA;ASSOCIAÇÃO DA COMUNIDADE REMANESCENTE DE QUILOMBOS SANTA MARIA DO TRAQUATEUA;331133;MOJU;833.3833;839.1892;2005-11-20;confirmado;mesmo nº de processo ITERPA e nome compatível;SRM-0437;SANTA MARIA DO TRAQUATEUA;2001/331133;1163.6383
86;AMAQCNB;ASSOCIAÇÃO DE MORADORES AGRICULTORES E QUILOMBOLAS DA COMUNIDADE NOVA BETEL;293746;TOMÉ-AÇU;3039.035;3062.5222;2025-08-21;provavel;nome compatível no mesmo município (sem processo nem área coincidentes);SRM-0418;Nova Betel;54100.000012/2017-91;5065.3207
87;COMUNIDADE SÍTIO BOSQUE;ASSOCIAÇÃO REMANESCENTEDE DE QUILOMBO REI ZUMBI DA COMUNIDADE SÍTIO BOSQUE;105550;MOJU;1152.7029;1156.7336;2015-07-20;provavel;mesma área (quatro casas decimais) e nome ou município compatível;SRM-0758;Sítio Bosque;;1152.7029
88;COMUNIDADE MURUTEUAZINHO;ASSOCIAÇÃO COMUNITÁRIA QUILOMBOLA AGROAMBIENTAL DE MURUTEUAZINHO - ACQUAM;106061;SANTA LUZIA DO PARÁ;628.4249;633.026;2013-09-04;confirmado;mesmo nº de processo ITERPA e mesma área decretada;SRM-0408;MURUTEUAZINHO;2006/106061;628.4249
89;COMUNIDADE ARIRAMBA;ASSOCIAÇÃO DA COMUNIDADE DE REMANESCENTES DE QUILOMBOS DE ARIRAMBA - ACRQA;315528;ÓBIDOS;10454.5619;10465.6849;2018-06-18;provavel;nome compatível no mesmo município (sem processo nem área coincidentes);SRM-0373;Ariramba;54100.000755/2005-28;12496.2941
90;COMUNIDADE SANTANA DO BAIXO;ASSOCIAÇÃO DA COMUNIDADE REMANESCENTE DE QUILOMBO SANTANA - AXÉ DO BAIXO JAMBUAÇÚ;72763;MOJU;1551.1216;1556.5515;2009-11-30;confirmado;mesmo nº de processo ITERPA e mesma área decretada;SRM-0433;SANT'ANA DE BAIXO;2005/72763;1551.1216
91;COMUNIDADE DE GUAJARÁ MIRI;ASSOCIAÇÃO DOS REMANESCENTES DE QUILOMBO FILHOS DE ZUMBI;8891;ACARÁ;1024.1954;997.2446;2002-11-26;confirmado;mesmo nº de processo ITERPA e mesma área decretada;SRM-0392;GUAJARA MIRI;2000/8891;1024.1954
92;COMUNIDADE NOSSA SENHORA DE FÁTIMA DO CRAUATEUA;ASSOCIAÇÃO DOS QUILOMBOLAS DA COMUNIDADE NOSSA SENHORA FÁTIMA DO CRAUATEUA;247407;SÃO MIGUEL DO GUAMÁ;495.4909;501.484;2020-11-19;provavel;mesma área (quatro casas decimais) e nome ou município compatível;SRM-0773;Nossa Senhora de Fátima de Crauateua;;495.4909
93;COMUNIDADE JURUSSACA;ASSOCIAÇÃO DOS PEQUENOS E MINI PRODUTORES DA COMUNIDADE DO JURUSSACA;163396;TRACUATEUA;200.9875;202.4904;2002-09-14;confirmado;mesmo nº de processo ITERPA e mesma área decretada;SRM-0400;JURUSSACA;2002/163.396;200.9875
94;COMUNIDADE DE SANTA QUITÉRIA E ITACOÃZINHO;ASSOCIAÇÃO DOS MORADORES E AGRICULTORES REMANESCENTES DE QUIOLOMBOS DAS COMUNIDADES DE SANTA QUITÉRIA E ITACOÃZINHO - AMARQUISI;288314;ACARÁ;646.5774;648.8664;2010-12-17;confirmado;mesmo nº de processo ITERPA e mesma área decretada;SRM-0438;SANTA QUITERIA E ITACOAZINHO;2007/288314;646.5774
95;COMUNIDADE DE IGARAPÉ PRETO;ASSOCIAÇÃO DE REMANESCENTES DE QUILOMBOS DE IGARAPÉ PRETO;178762;OEIRAS DO PARÁ;17357.0206;24133.6961;2002-09-29;confirmado;mesmo nº de processo ITERPA e nome compatível;SRM-0396;IGARAPE PRETO, BAIXINHA, PANPELONIA, TEOFILO;1999/178762;830.8776
96;COMUNIDADE TATITUQUARA, SÃO SEBASTIÃO, ARAJÁ E BOA ESPERANÇA;ASSOCIAÇÃO DE REMANESCENTES DE QUILOMBOS DE TATITUQUARA, SÃO SEBASTIÃO, AJARÁ E BOA ESPERANÇA - ARQUITA;203536;BAGRE;7662.7691;7685.3849;2020-07-21;provavel;mesma área (quatro casas decimais) e nome ou município compatível;SRM-0770;Tatituquara;;7662.7691
97;ASSOCIAÇÃO DOS AGRICULTORES REMANESCENTES DE QUILOMBOLAS DO JABAQUARA - AARQJ;ASSOCIAÇÃO DOS AGRICULTORES REMANESCENTES DE QUILOMBOLAS DO JABAQUARA - AARQJ;796289;ACARÁ;56.196;56.4752;1900-01-01;provavel;mesma área (quatro casas decimais) e nome ou município compatível;SRM-0799;Jabaquara;;56.196
98;COMUNIDADE DE CARANANDUBA;ASSOCIAÇÃO DOS MORADORES E AGRICULTORES QUILOMBOLAS DE CARANANDUBA;16783;ACARÁ;644.5477;651.0697;2006-11-23;confirmado;mesmo nº de processo ITERPA e mesma área decretada;SRM-0383;CARANDUBA;2004/16783;644.5477
99;QUILOMBO DE BOM JESUS;ASSOCIAÇÃO COMUNITÁRIA DE REMANESCENTES DE QUILOMBOS DE BOM JESUS - ARQUIBOJE;99508;OEIRAS DO PARÁ;113.9106;114.2261;2024-10-02;novo;;SRM-0838;Bom Jesus;2024/99508;113.9106
100;COMUNIDADE NOSSA SENHORA DO LIVRAMENTO;ASSOCIAÇÃO DOS REMANESCENTES DE QUILOMBOS DE NOSSA SENHORA DO LIVRAMENTO;317352;IGARAPÉ-AÇU E NOVA TIMBOTEUA;140.707;141.664;2010-05-06;confirmado;mesmo nº de processo ITERPA e nome compatível;SRM-0414;NOSSA SENHORA  DO LIVRAMENTO;2008/317352;128.9332
101;COMUNIDADE SÃO TOMÉ TAUÇÚ;ASSOCIAÇÃO REMANESCENTES DE QUILOMBOS DA COMUNIDADE SÃO TOMÉ AÇÚ - ARQUICOSTT;550843;PORTEL;2568.6224;2574.9868;2018-03-12;provavel;mesma área (quatro casas decimais) e nome ou município compatível;SRM-0768;São Tome Tauçú;;2568.6224
102;SANTA MARIA DO MURAITEUA;ASSOCIAÇÃO DOS REMANESCENTES DE QUILOMBO DA COMUNIDADE SANTA MARIA DO MURAITEUA;2021;SÃO MIGUEL DO GUAMÁ;398.8357;401.1595;2022-05-10;provavel;mesma área (quatro casas decimais) e nome ou município compatível;SRM-0781;Santa Maria do Muraiteua;;398.8357
103;COMUNIDADES REMANESCENTES DE QUILOMBOS BACABAL, ARACUAN DE CIMA, ARACUAN DO MEIO, ARACUAN DE BAIXO, SERRINHA, TERRA PRETA II E JARAUACÁ;ASSOCIACÃO DAS COMUNIDADES REMANESCENTES DE QUILOMBOS BACABAL, ARACUAN DE CIMA, ARACUAN DO MEIO, ARACUAN DE BAIXO, SERRINHA, TERRA PRETA II E JARAUACÁ;158126;ORIXIMINÁ;57024.6216;57446.4238;1997-11-20;provavel;Título ITERPA de 57.024,6216 ha. Somado ao título do INCRA de 23.862,4725 ha, resulta em 80.887,0941 ha — a área do território Trombetas na tabela de títulos do INCRA. Vinculado pela soma exata das áreas.;SRM-0706;Trombetas;;80887.0941
104;COMUNIDADE QUILOMBOLA DA VILA CARDOSO - ÁREA 1;ASSOCIAÇÃO DE MORADORES, PESCADORES E AGRICULTORES REMANCESCENTES DE QUILOMBOS DA VILA CARDOSO - AMPARQC;1583106;BAIÃO;1121.2922;1124.5465;1900-01-01;provavel;mesma área (quatro casas decimais) e nome ou município compatível;SRM-0795;Vila Cardoso;;1121.2922
105;QUILOMBO NOVO ENGENHO;ASSOCIAÇÃO COMUNITÁRIA  AGRÍCOLA REMANESCENTE DE QUILOMBOLA DO ENGENHO NOVO - ACARQEN;1090993;OURÉM;385.2366;371.5032;1900-01-01;provavel;mesma área (quatro casas decimais) e nome ou município compatível;SRM-0797;Engenho Novo;;385.2366
106;COMUNIDADE DE CENTRO OURO;ASSOCIAÇÃO DA COMUNIDADE REMANESCENTE DE QUILOMBO DE BOM JESUS CENTRO OURO, NOSSA SENHORA DAS GRAÇAS E SÃO BERNARDINO;331116;MOJU;5243.1409;5328.848;2006-11-23;provavel;mesma área (quatro casas decimais) e nome ou município compatível;SRM-0384;CENTRO OURO, NOSSA SENHORA DAS GRACAS;01420.007673/2013-35;5243.1409
107;ARQUIM;ASSOCIAÇÃO DOS REMANESCENTES DE QUILOMBOS DA LOCALIDADE DE MUPI;84646;CAMETÁ;70.1219;70.3458;2025-11-14;novo;;SRM-0839;Mupi;2009/84646;70.1219
108;COMUNIDADE MENINO JESUS DE PETIMANDEUA;ASSOCIAÇÃO DE REMANESCENTE QUILOMBOLA MENINO JESUS DE PETIMANDEUA;488967;INHANGAPI;302.073;304.9122;2023-01-09;provavel;mesma área (quatro casas decimais) e nome ou município compatível;SRM-0790;Petimandeua;;302.073
109;COMUNIDADE MOCAMBO;ASSOCIAÇÃO COMUNITÁRIA AGRÍCOLA COMUNITÁRIA REMANESCENTE QUILOMBOLAS DO MOCAMBO - ACOARQUIM;201731;OURÉM;657.682;646.9829;2012-11-13;confirmado;mesmo nº de processo ITERPA e mesma área decretada;SRM-0406;MOCAMBO;2006/201731;657.682
